brand,total_brand_tweets,total_inbound_tweets,thread_count,avg_turns_per_thread,median_turns_per_thread,pct_threads_3plus_turns,dm_deflection_rate_pct,tech_link_density_pct,customer_confirm_rate_pct,pii_exposure_rate_pct,rag_score
microsofthelps,11304,10974,4437,5.48,4.0,81.07,7.81,65.77,25.38,7.61,0.8262021349846138
amazonhelp,169840,189092,82493,4.52,3.0,62.06,0.82,48.79,13.07,8.53,0.72003492401674
nikesupport,3468,4111,1559,4.98,4.0,62.99,10.99,57.96,21.04,7.37,0.6984823783924912
askvirginmoney,914,977,396,4.87,4.0,65.4,8.86,22.65,35.61,13.41,0.6851815660805965
nationalrailenq,4444,4816,2249,4.42,4.0,69.19,0.38,19.35,28.32,1.7,0.6789415467581157
googleplaymusic,804,1048,544,3.55,3.0,55.51,1.0,67.04,22.06,6.01,0.6785580927461812
sw_help,12231,14175,6187,4.55,3.0,68.14,0.72,22.7,24.2,2.77,0.6642142051621543
azuresupport,7565,6726,3309,4.45,3.0,62.53,18.96,47.35,22.39,3.14,0.663028226469591
adobecare,9917,9882,5091,4.12,3.0,52.84,9.12,51.15,23.57,4.57,0.6526190134447575
officesupport,218,210,97,4.64,4.0,78.35,26.61,35.32,20.62,7.14,0.6485445764466292
xboxsupport,24557,25774,13390,4.15,3.0,62.22,20.93,49.99,17.84,2.35,0.6408483329695265
awssupport,1035,1302,904,2.8,2.0,46.02,0.39,70.34,23.23,8.68,0.634744480792522
askamex,11358,9066,4279,4.84,4.0,78.62,2.04,20.34,17.69,11.46,0.6328505634606159
virgintrains,27817,33824,14818,4.42,3.0,61.76,2.59,16.11,24.92,3.36,0.6321399636545108
gwrhelp,19364,24462,10661,4.34,3.0,64.53,1.49,12.26,24.76,2.3,0.6271849500117961
askseagate,639,661,343,3.93,3.0,53.64,10.33,57.43,19.83,8.62,0.6236632071425169
mediatemplehelp,305,292,174,3.51,3.0,56.9,4.92,46.56,23.56,9.25,0.6221863224379192
londonmidland,6822,8315,3644,4.38,3.0,64.96,0.98,10.42,24.48,2.02,0.6175412629165473
dellcares,5336,3622,1988,4.99,4.0,76.36,37.52,29.5,20.07,8.45,0.6166377112263545
tesco,38573,30030,16653,4.33,4.0,69.42,26.83,12.83,23.92,3.47,0.6057912049951132
sainsburys,19466,20567,10836,3.87,3.0,56.6,23.16,32.56,23.76,2.47,0.5988179704406489
verizonsupport,17966,21892,8294,5.17,4.0,65.87,11.7,24.47,16.63,10.93,0.5973820716373304
virginatlantic,4318,5510,2759,3.69,3.0,57.27,8.01,17.69,30.23,7.59,0.5972966061638021
hulu_support,21872,24512,14906,3.21,2.0,39.23,0.55,62.47,17.23,3.72,0.5954959124229772
ihgservice,2643,2586,1745,3.13,2.0,49.8,40.75,84.6,17.25,8.39,0.5940729200541797
asktigogh,715,770,322,5.08,3.0,62.42,5.45,26.71,14.6,7.4,0.5870868766667208
bofa_help,12683,10833,6541,3.76,3.0,58.94,7.03,43.96,14.83,8.57,0.582194443324522
twittersupport,1290,1398,1219,3.2,2.0,35.27,0.16,98.76,4.35,5.36,0.5816669952556737
nortonsupport,2011,1961,897,4.7,3.0,53.29,13.38,38.89,15.38,5.66,0.5758853823613391
askciti,4081,3448,2314,3.4,3.0,53.46,27.81,73.07,15.25,15.02,0.5747686030571354
scsupport,1329,1512,980,3.0,2.0,40.61,0.75,57.94,17.35,6.42,0.5622163051019646
dropboxsupport,5954,5043,3173,3.63,3.0,53.67,19.87,43.8,18.91,8.55,0.5616444931792625
jetblue,8020,9114,5156,3.42,3.0,51.28,11.82,23.83,24.52,3.5,0.5588443519609172
yahoocare,906,1124,538,4.05,3.0,63.01,30.79,48.9,19.33,24.11,0.554925943378143
uscellularcares,1177,1329,529,4.88,4.0,58.03,0.85,30.67,15.12,20.02,0.5523633953803017
hpsupport,7200,4867,3840,3.26,3.0,61.38,38.85,63.68,10.83,7.19,0.5502819474425079
atviassist,17650,25472,11093,4.33,2.0,49.09,24.27,38.41,14.19,0.55,0.5489769328849797
pearsonsupport,841,914,604,3.06,2.0,37.91,9.75,62.31,15.56,4.38,0.5470525698032848
tfl,2243,2361,1569,3.26,2.0,48.31,3.03,30.94,21.41,6.65,0.5457138976306803
o2,16212,18404,9533,3.81,2.0,46.42,28.29,57.25,19.63,20.34,0.5427487061734607
british_airways,29361,29185,16378,3.68,3.0,53.46,14.0,12.02,24.38,6.77,0.5422224761936791
moo,630,684,477,2.98,2.0,38.16,9.84,14.92,34.38,3.51,0.5401509698934803
spotifycares,43265,45154,28249,3.25,2.0,37.06,30.79,58.49,17.69,7.59,0.5355590617489969
idea_cares,15724,17012,7514,4.62,3.0,64.99,20.48,40.31,11.78,25.06,0.533221103641384
glocare,6308,7502,3217,4.64,3.0,57.07,1.79,25.22,18.12,25.61,0.531781111487559
delta,42253,41424,26039,3.34,2.0,42.32,17.1,18.55,25.58,4.89,0.528965881116603
applesupport,106860,119842,80650,2.96,2.0,34.81,52.47,82.99,13.72,19.27,0.5279680724959593
oppocarein,879,972,451,4.49,3.0,64.75,19.23,33.9,12.2,19.14,0.5245168040321917
godaddyhelp,1965,2262,1450,3.1,2.0,42.07,33.54,62.09,19.38,14.32,0.5182701788651801
uber_support,56270,65802,41891,3.06,2.0,35.94,35.18,69.82,12.65,12.62,0.5109426397458434
alaskaair,7478,8636,5585,2.99,2.0,35.4,13.76,20.77,28.52,3.05,0.5102160015656534
asksalesforce,710,813,485,3.38,2.0,49.69,22.39,28.59,22.68,11.44,0.509854960666293
askplaystation,19098,22176,12525,3.42,2.0,45.66,25.26,42.84,14.41,6.83,0.5041194060318408
argoshelpers,12174,14525,7536,3.74,3.0,54.67,30.15,10.26,24.79,9.25,0.5027256433322524
airasiasupport,12829,12984,6763,3.99,2.0,48.32,17.4,14.01,24.04,14.34,0.5021894488856791
marksandspencer,11504,12457,7940,3.22,2.0,43.61,11.28,14.91,22.51,3.1,0.4974378206199007
askebay,9686,10263,5622,3.72,2.0,49.31,28.45,31.06,18.0,10.92,0.4941030923194548
americanair,36764,45152,26207,3.29,2.0,43.49,16.79,11.11,21.65,3.17,0.4900304840777613
southwestair,28977,33105,21521,2.98,2.0,33.07,17.08,20.31,25.43,3.46,0.4887560989201938
morrisons,10126,9961,5928,3.48,3.0,53.42,25.79,2.23,23.94,2.97,0.4884453749653226
askrbc,1011,1282,837,2.86,2.0,42.65,18.2,32.94,22.22,11.23,0.48758638999860493
ask_spectrum,25860,28847,18446,3.16,2.0,35.1,49.64,66.19,13.98,6.15,0.48741378608386743
kimpton,1339,1469,1053,2.73,2.0,31.43,2.17,7.39,29.53,2.04,0.47922878789655027
carlsjr,196,230,166,2.73,2.0,34.34,5.61,45.41,11.45,1.74,0.4707062980068062
neweggservice,1079,1182,795,3.11,3.0,50.94,44.67,30.21,20.25,7.87,0.4692682128747557
virginamerica,2815,3330,2099,3.05,2.0,38.11,13.93,21.39,20.63,4.59,0.4666007242947121
coxhelp,7861,8628,4840,3.55,2.0,46.3,44.28,36.23,15.91,6.7,0.4654717282167849
airtel_care,9881,7662,4013,4.5,3.0,52.75,18.0,16.98,14.78,21.87,0.4589782438174501
pandorasupport,1043,1213,724,3.17,2.0,36.33,37.87,50.53,15.61,8.66,0.45826733768254235
upshelp,17817,21653,15269,2.76,2.0,33.37,69.15,85.55,12.36,11.57,0.45814417263453666
chipotletweets,18749,21886,14390,2.91,2.0,33.83,0.78,29.01,12.11,1.35,0.456239679617355
asklyft,11809,13341,10143,2.65,2.0,29.58,55.42,82.37,10.86,7.56,0.4554181084851766
keybank_help,555,630,372,3.29,2.0,49.73,25.95,20.72,16.94,10.16,0.4496673702177064
safaricom_care,16077,16803,9337,3.61,3.0,53.12,19.34,20.79,17.04,26.51,0.44435476567276583
airbnbhelp,8875,9687,6030,3.32,2.0,38.49,58.99,40.17,20.35,10.49,0.4373900777723331
vmucare,1381,1569,720,4.44,3.0,52.36,25.63,28.24,14.58,32.89,0.43516605648398504
chasesupport,8811,8873,6789,2.74,2.0,27.97,47.46,59.38,15.53,8.46,0.4308494004230648
ask_wellsfargo,7578,8066,6013,2.73,2.0,28.32,38.41,61.44,10.98,6.14,0.42957064857791194
greggsofficial,4522,5656,3338,3.26,2.0,46.97,17.01,8.74,13.18,0.95,0.4291057330752528
askvisa,709,648,473,2.98,2.0,47.57,3.39,16.5,10.78,9.41,0.42323400448694354
askrobinhood,432,526,353,2.91,2.0,35.69,5.79,23.84,12.75,5.32,0.42250488367464833
att,2790,3200,2027,3.28,2.0,43.22,57.06,39.57,14.26,11.91,0.40768179837206386
ask_progressive,612,708,543,2.6,2.0,27.81,54.41,51.47,18.78,9.18,0.4073802540242713
asktarget,13218,16171,11118,2.74,2.0,33.73,34.14,28.42,15.07,5.16,0.3995214516223502
comcastcares,33031,34056,23908,3.01,2.0,36.13,71.8,43.57,14.71,6.67,0.39922050405820697
tacobellteam,4082,4681,3107,2.89,2.0,37.59,40.47,32.88,11.14,2.39,0.39608438035269444
sprintcare,22381,24227,13370,3.79,2.0,46.32,48.19,25.4,11.17,17.52,0.3876998895100553
walmart,2643,2848,2404,2.48,2.0,21.17,0.15,5.9,19.76,1.02,0.38283533391771213
arbyscares,1904,2135,1555,2.7,2.0,33.7,2.94,7.3,12.93,2.44,0.3817998066639524
tmobilehelp,34317,38678,22647,3.52,2.0,37.33,82.1,53.14,13.47,20.62,0.380583897909038
hoteltonightcx,152,169,123,2.75,2.0,31.71,23.03,16.45,16.26,6.51,0.3762175438972143
aldiuk,8114,9381,6608,2.76,2.0,32.04,28.38,6.86,17.37,1.41,0.37017518877789696
mtnc_care,784,972,529,3.74,3.0,53.31,37.12,10.84,2.84,5.86,0.35772964380392835
centurylinkhelp,3801,4295,2952,3.04,2.0,40.28,78.03,34.44,14.97,9.13,0.3569340163185783
asurioncares,1898,2115,1035,4.1,2.0,49.66,29.24,7.9,14.01,35.6,0.34700431006724
postmates_help,3346,4084,3001,2.58,2.0,27.72,76.96,58.07,10.6,9.57,0.33786718621859413
askpaypal,11298,12837,9475,2.79,2.0,30.91,72.5,32.52,13.57,11.94,0.31170628758210495
sizehelpteam,1482,1930,1251,2.82,2.0,38.53,67.88,6.82,18.63,11.71,0.3033097740175859
mcdonalds,8478,10304,8132,2.4,2.0,17.03,0.68,11.32,5.12,0.38,0.29645036842294326
jackbox,266,287,233,2.55,2.0,28.33,31.58,4.51,8.58,1.74,0.2816365577127604
askpapajohns,3908,4658,3153,2.83,2.0,33.37,62.08,3.76,12.4,5.17,0.27090332126371935
boostcare,907,1040,663,3.17,2.0,35.75,44.21,17.75,12.67,34.62,0.26997945209610286
askpanera,2153,2579,1978,2.47,2.0,27.81,67.72,15.61,12.23,3.22,0.2673008468896187
askdsc,210,229,198,2.27,2.0,17.17,70.48,30.48,10.61,4.8,0.24625064974622818
hiltonhelp,833,946,714,2.82,2.0,32.77,80.55,5.16,13.73,8.25,0.2402268231770644
kfc_uki_help,2103,2689,2017,2.51,2.0,29.85,70.23,1.85,10.01,2.42,0.22408306203877149
dunkindonuts,1290,1483,1258,2.27,2.0,17.97,53.18,2.79,11.21,4.38,0.2105914097423638
doordash_help,1581,1975,1506,2.53,2.0,30.35,93.55,4.3,10.36,8.05,0.18097935712725688
